{"cameraMode":{"drawMode":0,"name":"Shaded","section":"Shading Mode"},"sceneLighting":false,"audioPlay":false,"sceneViewState":{"showFog":true,"showMaterialUpdate":false,"showSkybox":false,"showFlares":true,"showImageEffects":true,"showParticleSystems":true},"in2DMode":false,"pivot":{"x":-8.869999885559082,"y":-1.899999976158142,"z":2.0},"rotation":{"x":-0.056708045303821567,"y":0.26251742243766787,"z":-0.015454621985554695,"w":-0.9631459712982178},"size":2.2649502754211427,"orthographic":false}