{"cameraMode":{"drawMode":0,"name":"Shaded","section":"Shading Mode"},"sceneLighting":true,"audioPlay":false,"sceneViewState":{"showFog":true,"showMaterialUpdate":false,"showSkybox":true,"showFlares":true,"showImageEffects":true,"showParticleSystems":true},"in2DMode":false,"pivot":{"x":0.641706645488739,"y":2.8067357540130617,"z":9.105874061584473},"rotation":{"x":0.0018079092260450125,"y":-0.047997381538152698,"z":0.00010664625733625144,"w":0.9989161491394043},"size":10.0,"orthographic":false}